CDM_TBL,src_code,concept_code,src_vocab_code,vocabulary_id,domain_id,target_concept_id
OBS_GEN,1285381004,1285381004,SNOMED,SNOMED,Observation,37159036
OBS_GEN,1287180006,1287180006,SNOMED,SNOMED,Measurement,1246787
OBS_GEN,1240395000,1240395000,SNOMED,SNOMED,Measurement,37165142
OBS_GEN,1155831007,1155831007,SNOMED,SNOMED,Observation,607710
OBS_GEN,1287140002,1287140002,SNOMED,SNOMED,Measurement,1244327
OBS_GEN,1268931007,1268931007,SNOMED,SNOMED,Observation,37154530
OBS_GEN,1332063004,1332063004,SNOMED,SNOMED,Measurement,1075773
OBS_GEN,1155860003,1155860003,SNOMED,SNOMED,Observation,607724
OBS_GEN,1264482005,1264482005,SNOMED,SNOMED,Observation,37151601
OBS_GEN,512001000004108,512001000004108,SNOMED,SNOMED,Observation,601967
OBS_GEN,1149002007,1149002007,SNOMED,SNOMED,Observation,607030
OBS_GEN,422205000,422205000,SNOMED,SNOMED,Measurement,4223903
OBS_GEN,1156955005,1156955005,SNOMED,SNOMED,Measurement,37160335
OBS_GEN,1264168002,1264168002,SNOMED,SNOMED,Observation,37154296
OBS_GEN,1155796006,1155796006,SNOMED,SNOMED,Observation,607679
OBS_GEN,399635006,399635006,SNOMED,SNOMED,Observation,4164024
OBS_GEN,1156089008,1156089008,SNOMED,SNOMED,Measurement,37160165
OBS_GEN,1286923004,1286923004,SNOMED,SNOMED,Measurement,37168869
OBS_GEN,1136681000004107,1136681000004107,SNOMED,SNOMED,Observation,602741
OBS_GEN,1156083009,1156083009,SNOMED,SNOMED,Measurement,37160160
OBS_GEN,1155898003,1155898003,SNOMED,SNOMED,Observation,603066
OBS_GEN,1155875006,1155875006,SNOMED,SNOMED,Observation,607738
OBS_GEN,1155896004,1155896004,SNOMED,SNOMED,Observation,603064
OBS_GEN,1156487003,1156487003,SNOMED,SNOMED,Measurement,37160234
OBS_GEN,1268444006,1268444006,SNOMED,SNOMED,Measurement,37167553
OBS_GEN,1279910001,1279910001,SNOMED,SNOMED,Measurement,37168400
OBS_GEN,1268442005,1268442005,SNOMED,SNOMED,Measurement,37167551
OBS_GEN,1286856002,1286856002,SNOMED,SNOMED,Measurement,37168841
OBS_GEN,1155865008,1155865008,SNOMED,SNOMED,Observation,607728
OBS_GEN,1156114006,1156114006,SNOMED,SNOMED,Measurement,37160169
OBS_GEN,1256121007,1256121007,SNOMED,SNOMED,Observation,37165972
OBS_GEN,1256006004,1256006004,SNOMED,SNOMED,Measurement,37165907
OBS_GEN,1155810009,1155810009,SNOMED,SNOMED,Observation,607690
OBS_GEN,911750741000004104,911750741000004104,SNOMED,SNOMED,Observation,619803
OBS_GEN,103419001,103419001,SNOMED,SNOMED,Observation,4011478
OBS_GEN,1157123003,1157123003,SNOMED,SNOMED,Observation,37156049
OBS_GEN,1296943007,1296943007,SNOMED,SNOMED,Observation,1073094
OBS_GEN,1285479000,1285479000,SNOMED,SNOMED,Observation,37154662
OBS_GEN,1286862007,1286862007,SNOMED,SNOMED,Observation,37154701
OBS_GEN,1279918008,1279918008,SNOMED,SNOMED,Observation,37158868
OBS_GEN,1870001000004104,1870001000004104,SNOMED,SNOMED,Observation,602275
OBS_GEN,1149040005,1149040005,SNOMED,SNOMED,Observation,607063
OBS_GEN,1286971004,1286971004,SNOMED,SNOMED,Measurement,1244297
OBS_GEN,1155930009,1155930009,SNOMED,SNOMED,Observation,607773
OBS_GEN,1156133001,1156133001,SNOMED,SNOMED,Measurement,37160187
OBS_GEN,1286965005,1286965005,SNOMED,SNOMED,Observation,37159132
OBS_GEN,1240402007,1240402007,SNOMED,SNOMED,Observation,37157994
OBS_GEN,1290312002,1290312002,SNOMED,SNOMED,Measurement,1244647
OBS_GEN,1268553002,1268553002,SNOMED,SNOMED,Observation,37167603
OBS_GEN,1286858001,1286858001,SNOMED,SNOMED,Measurement,37168843
OBS_GEN,1287788009,1287788009,SNOMED,SNOMED,Measurement,1244480
OBS_GEN,3970001000004101,3970001000004101,SNOMED,SNOMED,Measurement,602287
OBS_GEN,1287148009,1287148009,SNOMED,SNOMED,Observation,1244331
OBS_GEN,399377002,399377002,SNOMED,SNOMED,Measurement,4219602
OBS_GEN,911753671000004108,911753671000004108,SNOMED,SNOMED,Observation,619815
OBS_GEN,1155777007,1155777007,SNOMED,SNOMED,Observation,607663
OBS_GEN,371494008,371494008,SNOMED,SNOMED,Observation,4161174
OBS_GEN,372276001,372276001,SNOMED,SNOMED,Observation,4157601
OBS_GEN,444422007,444422007,SNOMED,SNOMED,Measurement,40479400
OBS_GEN,1287128002,1287128002,SNOMED,SNOMED,Measurement,1244322
OBS_GEN,1156421004,1156421004,SNOMED,SNOMED,Measurement,37160210
OBS_GEN,1155795005,1155795005,SNOMED,SNOMED,Observation,607678
OBS_GEN,1157129004,1157129004,SNOMED,SNOMED,Observation,37156055
OBS_GEN,1149050006,1149050006,SNOMED,SNOMED,Observation,607069
OBS_GEN,1546391000004105,1546391000004105,SNOMED,SNOMED,Measurement,37170148
OBS_GEN,1156441009,1156441009,SNOMED,SNOMED,Measurement,37160227
OBS_GEN,1264489001,1264489001,SNOMED,SNOMED,Measurement,37167458
OBS_GEN,1284862009,1284862009,SNOMED,SNOMED,Observation,37168519
OBS_GEN,1296940005,1296940005,SNOMED,SNOMED,Observation,1073091
OBS_GEN,1155779005,1155779005,SNOMED,SNOMED,Observation,607665
OBS_GEN,1240396004,1240396004,SNOMED,SNOMED,Observation,37151537
OBS_GEN,1287123006,1287123006,SNOMED,SNOMED,Observation,1244319
OBS_GEN,1155869002,1155869002,SNOMED,SNOMED,Observation,607732
OBS_GEN,1256005000,1256005000,SNOMED,SNOMED,Measurement,37165906
OBS_GEN,371497001,371497001,SNOMED,SNOMED,Observation,4154262
OBS_GEN,1149033009,1149033009,SNOMED,SNOMED,Observation,607056
OBS_GEN,2820001000004104,2820001000004104,SNOMED,SNOMED,Measurement,609267
OBS_GEN,1286922009,1286922009,SNOMED,SNOMED,Measurement,37168868
OBS_GEN,1149021004,1149021004,SNOMED,SNOMED,Observation,607047
OBS_GEN,1155925005,1155925005,SNOMED,SNOMED,Observation,607768
OBS_GEN,1279996006,1279996006,SNOMED,SNOMED,Observation,37158883
OBS_GEN,1287121008,1287121008,SNOMED,SNOMED,Observation,1242398
OBS_GEN,384727002,384727002,SNOMED,SNOMED,Observation,4298494
OBS_GEN,1234803000,1234803000,SNOMED,SNOMED,Observation,37157764
OBS_GEN,1285103009,1285103009,SNOMED,SNOMED,Measurement,37168569
OBS_GEN,1290316004,1290316004,SNOMED,SNOMED,Measurement,1244649
OBS_GEN,1285430008,1285430008,SNOMED,SNOMED,Observation,37159051
OBS_GEN,405989003,405989003,SNOMED,SNOMED,Observation,4233918
OBS_GEN,1155983001,1155983001,SNOMED,SNOMED,Measurement,37160147
OBS_GEN,1287137002,1287137002,SNOMED,SNOMED,Observation,1242405
OBS_GEN,6270001000004106,6270001000004106,SNOMED,SNOMED,Measurement,37174483
OBS_GEN,1149026009,1149026009,SNOMED,SNOMED,Observation,607050
OBS_GEN,1149042002,1149042002,SNOMED,SNOMED,Observation,602970
OBS_GEN,397191008,397191008,SNOMED,SNOMED,Observation,4246698
OBS_GEN,1157128007,1157128007,SNOMED,SNOMED,Observation,37156054
OBS_GEN,1279929007,1279929007,SNOMED,SNOMED,Observation,37158872
OBS_GEN,405915001,405915001,SNOMED,SNOMED,Measurement,4226394
OBS_GEN,1296941009,1296941009,SNOMED,SNOMED,Observation,1073092
OBS_GEN,1156440005,1156440005,SNOMED,SNOMED,Measurement,37160226
OBS_GEN,6070001000004100,6070001000004100,SNOMED,SNOMED,Measurement,37173422
OBS_GEN,385421009,385421009,SNOMED,SNOMED,Observation,4299435
OBS_GEN,1285326006,1285326006,SNOMED,SNOMED,Measurement,37154639
OBS_GEN,1155874005,1155874005,SNOMED,SNOMED,Observation,607737
OBS_GEN,1155830008,1155830008,SNOMED,SNOMED,Observation,607709
OBS_GEN,1155981004,1155981004,SNOMED,SNOMED,Measurement,37160146
OBS_GEN,1156512002,1156512002,SNOMED,SNOMED,Measurement,37160251
OBS_GEN,911753681000004106,911753681000004106,SNOMED,SNOMED,Observation,619816
OBS_GEN,1285378009,1285378009,SNOMED,SNOMED,Observation,37154646
OBS_GEN,1279543007,1279543007,SNOMED,SNOMED,Measurement,37168186
OBS_GEN,1285137001,1285137001,SNOMED,SNOMED,Observation,37159005
OBS_GEN,1286756005,1286756005,SNOMED,SNOMED,Observation,37159100
OBS_GEN,911753471000004105,911753471000004105,SNOMED,SNOMED,Observation,619805
OBS_GEN,1275629003,1275629003,SNOMED,SNOMED,Measurement,37168141
OBS_GEN,1269296000,1269296000,SNOMED,SNOMED,Observation,37158780
OBS_GEN,1279506005,1279506005,SNOMED,SNOMED,Measurement,37168151
OBS_GEN,1155797002,1155797002,SNOMED,SNOMED,Observation,607680
OBS_GEN,1279713007,1279713007,SNOMED,SNOMED,Observation,37154603
OBS_GEN,1149012000,1149012000,SNOMED,SNOMED,Observation,607038
OBS_GEN,1155863001,1155863001,SNOMED,SNOMED,Observation,607726
OBS_GEN,1156480001,1156480001,SNOMED,SNOMED,Measurement,37160230
OBS_GEN,1155861004,1155861004,SNOMED,SNOMED,Observation,607725
OBS_GEN,1286924005,1286924005,SNOMED,SNOMED,Measurement,37168871
OBS_GEN,1290309000,1290309000,SNOMED,SNOMED,Measurement,1244645
OBS_GEN,1256118005,1256118005,SNOMED,SNOMED,Measurement,37165971
OBS_GEN,1269082003,1269082003,SNOMED,SNOMED,Observation,37158738
OBS_GEN,1255602007,1255602007,SNOMED,SNOMED,Observation,37154025
OBS_GEN,1268604006,1268604006,SNOMED,SNOMED,Observation,37154445
OBS_GEN,1155817007,1155817007,SNOMED,SNOMED,Observation,607696
OBS_GEN,1285552001,1285552001,SNOMED,SNOMED,Measurement,37168703
OBS_GEN,1287129005,1287129005,SNOMED,SNOMED,Measurement,1244323
OBS_GEN,385009003,385009003,SNOMED,SNOMED,Observation,4297952
OBS_GEN,1286891005,1286891005,SNOMED,SNOMED,Observation,37154707
OBS_GEN,1286929000,1286929000,SNOMED,SNOMED,Observation,1242321
OBS_GEN,1256029007,1256029007,SNOMED,SNOMED,Measurement,37165922
OBS_GEN,1268403005,1268403005,SNOMED,SNOMED,Observation,37154379
OBS_GEN,1286758006,1286758006,SNOMED,SNOMED,Observation,37159102
OBS_GEN,1156430007,1156430007,SNOMED,SNOMED,Measurement,37160217
OBS_GEN,1156497007,1156497007,SNOMED,SNOMED,Measurement,37160243
OBS_GEN,1279540005,1279540005,SNOMED,SNOMED,Measurement,37168183
OBS_GEN,788481000004105,788481000004105,SNOMED,SNOMED,Observation,37159785
OBS_GEN,405990007,405990007,SNOMED,SNOMED,Observation,4237174
OBS_GEN,1286964009,1286964009,SNOMED,SNOMED,Observation,37159131
OBS_GEN,1332064005,1332064005,SNOMED,SNOMED,Measurement,1075774
OBS_GEN,1290313007,1290313007,SNOMED,SNOMED,Measurement,1244648
OBS_GEN,1332062009,1332062009,SNOMED,SNOMED,Measurement,1075772
OBS_GEN,1155802008,1155802008,SNOMED,SNOMED,Observation,603058
OBS_GEN,1156112005,1156112005,SNOMED,SNOMED,Measurement,37169792
OBS_GEN,1178981001,1178981001,SNOMED,SNOMED,Observation,37152178
OBS_GEN,1264484006,1264484006,SNOMED,SNOMED,Observation,37151603
OBS_GEN,1268316009,1268316009,SNOMED,SNOMED,Observation,37154352
OBS_GEN,396324006,396324006,SNOMED,SNOMED,Measurement,4218049
OBS_GEN,1264293005,1264293005,SNOMED,SNOMED,Observation,37158569
OBS_GEN,384625004,384625004,SNOMED,SNOMED,Observation,4293617
OBS_GEN,1149006005,1149006005,SNOMED,SNOMED,Observation,607033
OBS_GEN,1155889001,1155889001,SNOMED,SNOMED,Observation,607752
OBS_GEN,2620001000004108,2620001000004108,SNOMED,SNOMED,Observation,602279
OBS_GEN,1156482009,1156482009,SNOMED,SNOMED,Measurement,37160231
OBS_GEN,1258866006,1258866006,SNOMED,SNOMED,Measurement,37165981
OBS_GEN,1287087007,1287087007,SNOMED,SNOMED,Measurement,1244316
OBS_GEN,1157111009,1157111009,SNOMED,SNOMED,Observation,37151835
OBS_GEN,1812491000004107,1812491000004107,SNOMED,SNOMED,Observation,602269
OBS_GEN,1546611000004107,1546611000004107,SNOMED,SNOMED,Observation,602262
OBS_GEN,1157127002,1157127002,SNOMED,SNOMED,Observation,37156053
OBS_GEN,1255595008,1255595008,SNOMED,SNOMED,Observation,37158254
OBS_GEN,1285295003,1285295003,SNOMED,SNOMED,Observation,37168628
OBS_GEN,3720001000004106,3720001000004106,SNOMED,SNOMED,Measurement,609311
OBS_GEN,1285017003,1285017003,SNOMED,SNOMED,Observation,37168558
OBS_GEN,1546551000004107,1546551000004107,SNOMED,SNOMED,Measurement,37170149
OBS_GEN,1255082005,1255082005,SNOMED,SNOMED,Observation,37158113
OBS_GEN,443527007,443527007,SNOMED,SNOMED,Measurement,40481946
OBS_GEN,1269210005,1269210005,SNOMED,SNOMED,Measurement,37167950
OBS_GEN,1286925006,1286925006,SNOMED,SNOMED,Measurement,37168872
OBS_GEN,706561000004103,706561000004103,SNOMED,SNOMED,Observation,602144
OBS_GEN,1237243006,1237243006,SNOMED,SNOMED,Measurement,37164989
OBS_GEN,1149034003,1149034003,SNOMED,SNOMED,Observation,607057
OBS_GEN,911753781000004104,911753781000004104,SNOMED,SNOMED,Observation,619826
OBS_GEN,1285549009,1285549009,SNOMED,SNOMED,Measurement,37168700
OBS_GEN,371503009,371503009,SNOMED,SNOMED,Measurement,4160350
OBS_GEN,1157130009,1157130009,SNOMED,SNOMED,Observation,37156056
OBS_GEN,1525831000004108,1525831000004108,SNOMED,SNOMED,Observation,608748
OBS_GEN,1234801003,1234801003,SNOMED,SNOMED,Observation,37157763
OBS_GEN,1156494000,1156494000,SNOMED,SNOMED,Measurement,37160241
OBS_GEN,1279892009,1279892009,SNOMED,SNOMED,Measurement,37168391
OBS_GEN,1155813006,1155813006,SNOMED,SNOMED,Observation,607692
OBS_GEN,1264308008,1264308008,SNOMED,SNOMED,Observation,37158576
OBS_GEN,1279908003,1279908003,SNOMED,SNOMED,Observation,37150969
OBS_GEN,1155877003,1155877003,SNOMED,SNOMED,Observation,607740
OBS_GEN,1156187007,1156187007,SNOMED,SNOMED,Observation,603093
OBS_GEN,1155936003,1155936003,SNOMED,SNOMED,Observation,607777
OBS_GEN,1285297006,1285297006,SNOMED,SNOMED,Measurement,37168629
OBS_GEN,1155858000,1155858000,SNOMED,SNOMED,Observation,603063
OBS_GEN,1156435002,1156435002,SNOMED,SNOMED,Measurement,37160222
OBS_GEN,1155890005,1155890005,SNOMED,SNOMED,Observation,607753
OBS_GEN,1286854004,1286854004,SNOMED,SNOMED,Measurement,37168840
OBS_GEN,1149014004,1149014004,SNOMED,SNOMED,Observation,607040
OBS_GEN,1264491009,1264491009,SNOMED,SNOMED,Measurement,37167459
OBS_GEN,1268603000,1268603000,SNOMED,SNOMED,Observation,37154444
OBS_GEN,1285383001,1285383001,SNOMED,SNOMED,Observation,37159038
OBS_GEN,1287787004,1287787004,SNOMED,SNOMED,Measurement,1244479
OBS_GEN,1095781000004107,1095781000004107,SNOMED,SNOMED,Measurement,37160101
OBS_GEN,1155892002,1155892002,SNOMED,SNOMED,Observation,607755
OBS_GEN,1255079000,1255079000,SNOMED,SNOMED,Observation,37158110
OBS_GEN,1279559007,1279559007,SNOMED,SNOMED,Measurement,37168192
OBS_GEN,1280005003,1280005003,SNOMED,SNOMED,Measurement,37168454
OBS_GEN,1286921002,1286921002,SNOMED,SNOMED,Measurement,37168867
OBS_GEN,444510006,444510006,SNOMED,SNOMED,Measurement,40479812
OBS_GEN,1155895000,1155895000,SNOMED,SNOMED,Observation,607758
OBS_GEN,1156123009,1156123009,SNOMED,SNOMED,Measurement,37160177
OBS_GEN,1155794009,1155794009,SNOMED,SNOMED,Observation,607677
OBS_GEN,1155798007,1155798007,SNOMED,SNOMED,Observation,607681
OBS_GEN,1256003007,1256003007,SNOMED,SNOMED,Measurement,37165904
OBS_GEN,1285296002,1285296002,SNOMED,SNOMED,Observation,37159022
OBS_GEN,1155857005,1155857005,SNOMED,SNOMED,Observation,603062
OBS_GEN,1268597003,1268597003,SNOMED,SNOMED,Measurement,37167614
OBS_GEN,1287162002,1287162002,SNOMED,SNOMED,Observation,1244335
OBS_GEN,911753461000004102,911753461000004102,SNOMED,SNOMED,Observation,619804
OBS_GEN,1155873004,1155873004,SNOMED,SNOMED,Observation,607736
OBS_GEN,1279900005,1279900005,SNOMED,SNOMED,Observation,37168396
OBS_GEN,1285327002,1285327002,SNOMED,SNOMED,Observation,37154640
OBS_GEN,1255765003,1255765003,SNOMED,SNOMED,Observation,37165810
OBS_GEN,1149024007,1149024007,SNOMED,SNOMED,Observation,607049
OBS_GEN,1155828006,1155828006,SNOMED,SNOMED,Observation,607707
OBS_GEN,1256030002,1256030002,SNOMED,SNOMED,Observation,37154043
OBS_GEN,1156188002,1156188002,SNOMED,SNOMED,Observation,603094
OBS_GEN,1269402006,1269402006,SNOMED,SNOMED,Observation,37151620
OBS_GEN,1287864003,1287864003,SNOMED,SNOMED,Measurement,1244496
OBS_GEN,1155805005,1155805005,SNOMED,SNOMED,Observation,607686
OBS_GEN,2670001000004107,2670001000004107,SNOMED,SNOMED,Observation,602280
OBS_GEN,1285480002,1285480002,SNOMED,SNOMED,Observation,37154663
OBS_GEN,1268891008,1268891008,SNOMED,SNOMED,Measurement,37167724
OBS_GEN,1269552004,1269552004,SNOMED,SNOMED,Observation,37168084
OBS_GEN,2710001000004109,2710001000004109,SNOMED,SNOMED,Measurement,602281
OBS_GEN,1155801001,1155801001,SNOMED,SNOMED,Observation,603057
OBS_GEN,27350008,27350008,SNOMED,SNOMED,Measurement,4099595
OBS_GEN,1287179008,1287179008,SNOMED,SNOMED,Observation,1242425
OBS_GEN,1269293008,1269293008,SNOMED,SNOMED,Measurement,37167989
OBS_GEN,1155791001,1155791001,SNOMED,SNOMED,Observation,607674
OBS_GEN,1546631000004100,1546631000004100,SNOMED,SNOMED,Measurement,37174384
OBS_GEN,1030001000004100,1030001000004100,SNOMED,SNOMED,Measurement,37174347
OBS_GEN,1156424007,1156424007,SNOMED,SNOMED,Measurement,37160213
OBS_GEN,1256122000,1256122000,SNOMED,SNOMED,Measurement,37165973
OBS_GEN,1256123005,1256123005,SNOMED,SNOMED,Observation,37158367
OBS_GEN,373120008,373120008,SNOMED,SNOMED,Measurement,4160787
OBS_GEN,1155823002,1155823002,SNOMED,SNOMED,Observation,607702
OBS_GEN,1149027000,1149027000,SNOMED,SNOMED,Observation,607051
OBS_GEN,1234805007,1234805007,SNOMED,SNOMED,Observation,37157766
OBS_GEN,1255592006,1255592006,SNOMED,SNOMED,Observation,37158250
OBS_GEN,1280006002,1280006002,SNOMED,SNOMED,Measurement,37168455
OBS_GEN,1546591000004100,1546591000004100,SNOMED,SNOMED,Measurement,602260
OBS_GEN,1268441003,1268441003,SNOMED,SNOMED,Measurement,37167550
OBS_GEN,1269295001,1269295001,SNOMED,SNOMED,Observation,37158779
OBS_GEN,1156573000,1156573000,SNOMED,SNOMED,Measurement,37160280
OBS_GEN,1179269001,1179269001,SNOMED,SNOMED,Observation,37161402
OBS_GEN,1149036001,1149036001,SNOMED,SNOMED,Observation,607059
OBS_GEN,1157133006,1157133006,SNOMED,SNOMED,Observation,37151840
OBS_GEN,1279933000,1279933000,SNOMED,SNOMED,Observation,37168407
OBS_GEN,1285429003,1285429003,SNOMED,SNOMED,Observation,37151641
OBS_GEN,1156085002,1156085002,SNOMED,SNOMED,Measurement,37160161
OBS_GEN,1279916007,1279916007,SNOMED,SNOMED,Observation,37158866
OBS_GEN,1286852000,1286852000,SNOMED,SNOMED,Observation,37159119
OBS_GEN,1285476007,1285476007,SNOMED,SNOMED,Observation,37168678
OBS_GEN,1287132008,1287132008,SNOMED,SNOMED,Observation,1242402
OBS_GEN,396642005,396642005,SNOMED,SNOMED,Observation,4214371
OBS_GEN,444411008,444411008,SNOMED,SNOMED,Measurement,40479389
OBS_GEN,1156116008,1156116008,SNOMED,SNOMED,Measurement,37160171
OBS_GEN,1287136006,1287136006,SNOMED,SNOMED,Observation,1242404
OBS_GEN,1264481003,1264481003,SNOMED,SNOMED,Measurement,37151600
OBS_GEN,1155790000,1155790000,SNOMED,SNOMED,Observation,607673
OBS_GEN,1620001000004107,1620001000004107,SNOMED,SNOMED,Measurement,602265
OBS_GEN,396237006,396237006,SNOMED,SNOMED,Measurement,4245726
OBS_GEN,911753591000004105,911753591000004105,SNOMED,SNOMED,Observation,619813
OBS_GEN,1340169005,1340169005,SNOMED,SNOMED,Observation,1074353
OBS_GEN,1268606008,1268606008,SNOMED,SNOMED,Observation,37154446
OBS_GEN,396933000,396933000,SNOMED,SNOMED,Measurement,4215285
OBS_GEN,1279930002,1279930002,SNOMED,SNOMED,Observation,37158873
OBS_GEN,1268445007,1268445007,SNOMED,SNOMED,Observation,37154394
OBS_GEN,716821000004105,716821000004105,SNOMED,SNOMED,Observation,618650
OBS_GEN,1279901009,1279901009,SNOMED,SNOMED,Observation,37158864
OBS_GEN,1155812001,1155812001,SNOMED,SNOMED,Observation,607691
OBS_GEN,1546621000004103,1546621000004103,SNOMED,SNOMED,Observation,602263
OBS_GEN,1275630008,1275630008,SNOMED,SNOMED,Observation,37158830
OBS_GEN,1149045000,1149045000,SNOMED,SNOMED,Observation,607065
OBS_GEN,1279710005,1279710005,SNOMED,SNOMED,Observation,37168299
OBS_GEN,911753551000004103,911753551000004103,SNOMED,SNOMED,Observation,619812
OBS_GEN,1268936002,1268936002,SNOMED,SNOMED,Observation,37158725
OBS_GEN,1155824008,1155824008,SNOMED,SNOMED,Observation,607703
OBS_GEN,1285392003,1285392003,SNOMED,SNOMED,Measurement,37168651
OBS_GEN,1286762000,1286762000,SNOMED,SNOMED,Observation,37154697
OBS_GEN,1255593001,1255593001,SNOMED,SNOMED,Observation,37158252
OBS_GEN,1255603002,1255603002,SNOMED,SNOMED,Observation,37158255
OBS_GEN,1155894001,1155894001,SNOMED,SNOMED,Observation,607757
OBS_GEN,1155927002,1155927002,SNOMED,SNOMED,Observation,607770
OBS_GEN,106243009,106243009,SNOMED,SNOMED,Measurement,4024730
OBS_GEN,1285393008,1285393008,SNOMED,SNOMED,Measurement,37168652
OBS_GEN,385002007,385002007,SNOMED,SNOMED,Observation,4298753
OBS_GEN,1279919000,1279919000,SNOMED,SNOMED,Observation,37158869
OBS_GEN,1268440002,1268440002,SNOMED,SNOMED,Measurement,37167549
OBS_GEN,1269357009,1269357009,SNOMED,SNOMED,Measurement,37168004
OBS_GEN,911753481000004108,911753481000004108,SNOMED,SNOMED,Observation,619806
OBS_GEN,1155800000,1155800000,SNOMED,SNOMED,Observation,607684
OBS_GEN,1286757001,1286757001,SNOMED,SNOMED,Observation,37159101
OBS_GEN,396406008,396406008,SNOMED,SNOMED,Observation,4262745
OBS_GEN,1156344002,1156344002,SNOMED,SNOMED,Measurement,37160189
OBS_GEN,1287138007,1287138007,SNOMED,SNOMED,Observation,1242406
OBS_GEN,1157117008,1157117008,SNOMED,SNOMED,Observation,37151837
OBS_GEN,1268443000,1268443000,SNOMED,SNOMED,Measurement,37167552
OBS_GEN,1268928006,1268928006,SNOMED,SNOMED,Observation,37167752
OBS_GEN,1268559003,1268559003,SNOMED,SNOMED,Observation,37167607
OBS_GEN,1286892003,1286892003,SNOMED,SNOMED,Observation,37168856
OBS_GEN,2960001000004100,2960001000004100,SNOMED,SNOMED,Observation,602282
OBS_GEN,246214002,246214002,SNOMED,SNOMED,Measurement,4078513
OBS_GEN,1285548001,1285548001,SNOMED,SNOMED,Measurement,37168699
OBS_GEN,1268935003,1268935003,SNOMED,SNOMED,Observation,37154533
OBS_GEN,1155897008,1155897008,SNOMED,SNOMED,Observation,603065
OBS_GEN,1148993000,1148993000,SNOMED,SNOMED,Observation,602965
OBS_GEN,371489008,371489008,SNOMED,SNOMED,Measurement,4160346
OBS_GEN,1268575000,1268575000,SNOMED,SNOMED,Observation,37167612
OBS_GEN,1285100007,1285100007,SNOMED,SNOMED,Measurement,37168567
OBS_GEN,1286919007,1286919007,SNOMED,SNOMED,Observation,37159126
OBS_GEN,1279927009,1279927009,SNOMED,SNOMED,Observation,37154623
OBS_GEN,911753511000004104,911753511000004104,SNOMED,SNOMED,Observation,619809
OBS_GEN,1157131008,1157131008,SNOMED,SNOMED,Observation,37151838
OBS_GEN,1157115000,1157115000,SNOMED,SNOMED,Observation,37151836
OBS_GEN,1285428006,1285428006,SNOMED,SNOMED,Measurement,37168667
OBS_GEN,911753761000004105,911753761000004105,SNOMED,SNOMED,Observation,619824
OBS_GEN,1285298001,1285298001,SNOMED,SNOMED,Measurement,37168630
OBS_GEN,1155778002,1155778002,SNOMED,SNOMED,Observation,607664
OBS_GEN,1149015003,1149015003,SNOMED,SNOMED,Observation,607041
OBS_GEN,1256116009,1256116009,SNOMED,SNOMED,Measurement,37165970
OBS_GEN,895467003,895467003,SNOMED,SNOMED,Observation,619436
OBS_GEN,3550001000004108,3550001000004108,SNOMED,SNOMED,Measurement,37174414
OBS_GEN,1287122001,1287122001,SNOMED,SNOMED,Observation,1244318
OBS_GEN,1279567004,1279567004,SNOMED,SNOMED,Measurement,37168200
OBS_GEN,1155932001,1155932001,SNOMED,SNOMED,Observation,607775
OBS_GEN,1285550009,1285550009,SNOMED,SNOMED,Measurement,37168701
OBS_GEN,911753711000004107,911753711000004107,SNOMED,SNOMED,Observation,619819
OBS_GEN,1279904001,1279904001,SNOMED,SNOMED,Measurement,37168398
OBS_GEN,396415001,396415001,SNOMED,SNOMED,Observation,4288930
OBS_GEN,1156433009,1156433009,SNOMED,SNOMED,Measurement,37160219
OBS_GEN,1286763005,1286763005,SNOMED,SNOMED,Observation,37159105
OBS_GEN,1286920001,1286920001,SNOMED,SNOMED,Observation,37154711
OBS_GEN,1287155006,1287155006,SNOMED,SNOMED,Measurement,1244332
OBS_GEN,3980001000004105,3980001000004105,SNOMED,SNOMED,Measurement,37174420
OBS_GEN,1285388005,1285388005,SNOMED,SNOMED,Measurement,37168648
OBS_GEN,1264483000,1264483000,SNOMED,SNOMED,Observation,37151602
OBS_GEN,1290349008,1290349008,SNOMED,SNOMED,Measurement,1244666
OBS_GEN,1290308008,1290308008,SNOMED,SNOMED,Measurement,1244644
OBS_GEN,1287171006,1287171006,SNOMED,SNOMED,Observation,1244337
OBS_GEN,1157093005,1157093005,SNOMED,SNOMED,Observation,37151834
OBS_GEN,396809007,396809007,SNOMED,SNOMED,Measurement,4245702
OBS_GEN,1268938001,1268938001,SNOMED,SNOMED,Observation,37158727
OBS_GEN,1285324009,1285324009,SNOMED,SNOMED,Observation,37159034
OBS_GEN,1149044001,1149044001,SNOMED,SNOMED,Observation,607064
OBS_GEN,1163261007,1163261007,SNOMED,SNOMED,Observation,37151965
OBS_GEN,1237281001,1237281001,SNOMED,SNOMED,Observation,37157948
OBS_GEN,1286755009,1286755009,SNOMED,SNOMED,Observation,37159099
OBS_GEN,911753631000004105,911753631000004105,SNOMED,SNOMED,Observation,619814
OBS_GEN,1286759003,1286759003,SNOMED,SNOMED,Measurement,37168814
OBS_GEN,1155864007,1155864007,SNOMED,SNOMED,Observation,607727
OBS_GEN,1255081003,1255081003,SNOMED,SNOMED,Observation,37158112
OBS_GEN,1256001009,1256001009,SNOMED,SNOMED,Observation,37165903
OBS_GEN,1286753002,1286753002,SNOMED,SNOMED,Observation,37159098
OBS_GEN,1269351005,1269351005,SNOMED,SNOMED,Observation,37168002
OBS_GEN,372309006,372309006,SNOMED,SNOMED,Measurement,4156565
OBS_GEN,1156496003,1156496003,SNOMED,SNOMED,Measurement,37160242
OBS_GEN,1156504005,1156504005,SNOMED,SNOMED,Measurement,37160247
OBS_GEN,1149031006,1149031006,SNOMED,SNOMED,Observation,607054
OBS_GEN,1255596009,1255596009,SNOMED,SNOMED,Observation,37154019
OBS_GEN,1287146008,1287146008,SNOMED,SNOMED,Observation,1242409
OBS_GEN,170001000004107,170001000004107,SNOMED,SNOMED,Measurement,37169997
OBS_GEN,1155878008,1155878008,SNOMED,SNOMED,Observation,607741
OBS_GEN,1157132001,1157132001,SNOMED,SNOMED,Observation,37151839
OBS_GEN,1281848001,1281848001,SNOMED,SNOMED,Observation,37158908
OBS_GEN,1279782006,1279782006,SNOMED,SNOMED,Observation,37168321
OBS_GEN,1290305006,1290305006,SNOMED,SNOMED,Observation,1244642
OBS_GEN,1660001000004100,1660001000004100,SNOMED,SNOMED,Observation,602267
OBS_GEN,1156488008,1156488008,SNOMED,SNOMED,Measurement,37160235
OBS_GEN,1279711009,1279711009,SNOMED,SNOMED,Observation,37168300
OBS_GEN,1279905000,1279905000,SNOMED,SNOMED,Measurement,37168399
OBS_GEN,1281850009,1281850009,SNOMED,SNOMED,Measurement,37168490
OBS_GEN,443158003,443158003,SNOMED,SNOMED,Measurement,40480152
OBS_GEN,1156423001,1156423001,SNOMED,SNOMED,Measurement,37160212
OBS_GEN,1220001000004105,1220001000004105,SNOMED,SNOMED,Observation,608440
OBS_GEN,1149013005,1149013005,SNOMED,SNOMED,Observation,607039
OBS_GEN,1279545000,1279545000,SNOMED,SNOMED,Measurement,37168188
OBS_GEN,1290311009,1290311009,SNOMED,SNOMED,Measurement,1244646
OBS_GEN,1285289004,1285289004,SNOMED,SNOMED,Measurement,37168627
OBS_GEN,1332065006,1332065006,SNOMED,SNOMED,Measurement,1075775
OBS_GEN,1285735002,1285735002,SNOMED,SNOMED,Observation,37168804
OBS_GEN,1285104003,1285104003,SNOMED,SNOMED,Observation,37168570
OBS_GEN,1268937006,1268937006,SNOMED,SNOMED,Observation,37158726
OBS_GEN,1285105002,1285105002,SNOMED,SNOMED,Measurement,37168571
OBS_GEN,384960007,384960007,SNOMED,SNOMED,Measurement,4293319
OBS_GEN,1279527000,1279527000,SNOMED,SNOMED,Measurement,37168171
OBS_GEN,1287156007,1287156007,SNOMED,SNOMED,Measurement,1244333
OBS_GEN,1279557009,1279557009,SNOMED,SNOMED,Measurement,37168190
OBS_GEN,1290315000,1290315000,SNOMED,SNOMED,Observation,1243008
OBS_GEN,200001000004104,200001000004104,SNOMED,SNOMED,Measurement,600937
OBS_GEN,1149017006,1149017006,SNOMED,SNOMED,Observation,607043
OBS_GEN,1155815004,1155815004,SNOMED,SNOMED,Observation,607694
OBS_GEN,1256035007,1256035007,SNOMED,SNOMED,Measurement,37165924
OBS_GEN,1155829003,1155829003,SNOMED,SNOMED,Observation,607708
OBS_GEN,1256004001,1256004001,SNOMED,SNOMED,Measurement,37165905
OBS_GEN,1156125002,1156125002,SNOMED,SNOMED,Measurement,37160179
OBS_GEN,1157119006,1157119006,SNOMED,SNOMED,Observation,37156048
OBS_GEN,1155928007,1155928007,SNOMED,SNOMED,Observation,607771
OBS_GEN,1149022006,1149022006,SNOMED,SNOMED,Observation,607048
OBS_GEN,1296942002,1296942002,SNOMED,SNOMED,Observation,1073093
OBS_GEN,1155792008,1155792008,SNOMED,SNOMED,Observation,607675
OBS_GEN,1279660005,1279660005,SNOMED,SNOMED,Measurement,37168262
OBS_GEN,1287789001,1287789001,SNOMED,SNOMED,Measurement,1244481
OBS_GEN,384891002,384891002,SNOMED,SNOMED,Measurement,4294454
OBS_GEN,1155804009,1155804009,SNOMED,SNOMED,Observation,603059
OBS_GEN,1149020003,1149020003,SNOMED,SNOMED,Observation,607046
OBS_GEN,1290307003,1290307003,SNOMED,SNOMED,Observation,1243006
OBS_GEN,1148994006,1148994006,SNOMED,SNOMED,Observation,602966
OBS_GEN,1155781007,1155781007,SNOMED,SNOMED,Observation,607667
OBS_GEN,1155826005,1155826005,SNOMED,SNOMED,Observation,607705
OBS_GEN,1156436001,1156436001,SNOMED,SNOMED,Measurement,37160223
OBS_GEN,405913008,405913008,SNOMED,SNOMED,Measurement,4237044
OBS_GEN,1156492001,1156492001,SNOMED,SNOMED,Measurement,37160239
OBS_GEN,640001000004105,640001000004105,SNOMED,SNOMED,Measurement,601974
OBS_GEN,1279931003,1279931003,SNOMED,SNOMED,Observation,37158874
OBS_GEN,1279903007,1279903007,SNOMED,SNOMED,Measurement,37168397
OBS_GEN,1155799004,1155799004,SNOMED,SNOMED,Observation,607682
OBS_GEN,1156120007,1156120007,SNOMED,SNOMED,Measurement,37160174
OBS_GEN,1286754008,1286754008,SNOMED,SNOMED,Measurement,37159104
OBS_GEN,1156954009,1156954009,SNOMED,SNOMED,Measurement,37160334
OBS_GEN,2900001000004101,2900001000004101,SNOMED,SNOMED,Observation,609282
OBS_GEN,444025001,444025001,SNOMED,SNOMED,Measurement,40484595
OBS_GEN,1286930005,1286930005,SNOMED,SNOMED,Observation,1242322
OBS_GEN,263605001,263605001,SNOMED,SNOMED,Measurement,4139794
OBS_GEN,1255997005,1255997005,SNOMED,SNOMED,Measurement,37165902
OBS_GEN,1255597000,1255597000,SNOMED,SNOMED,Observation,37154020
OBS_GEN,1285391005,1285391005,SNOMED,SNOMED,Measurement,37168650
OBS_GEN,408655002,408655002,SNOMED,SNOMED,Observation,4248804
OBS_GEN,1264169005,1264169005,SNOMED,SNOMED,Observation,37154297
OBS_GEN,1255076007,1255076007,SNOMED,SNOMED,Observation,37158108
OBS_GEN,1156437005,1156437005,SNOMED,SNOMED,Measurement,37160224
OBS_GEN,911753531000004106,911753531000004106,SNOMED,SNOMED,Observation,619811
OBS_GEN,1156122004,1156122004,SNOMED,SNOMED,Measurement,37160176
OBS_GEN,1279827005,1279827005,SNOMED,SNOMED,Observation,37158858
OBS_GEN,399687005,399687005,SNOMED,SNOMED,Observation,4161164
OBS_GEN,1285527003,1285527003,SNOMED,SNOMED,Measurement,37168695
OBS_GEN,911753701000004109,911753701000004109,SNOMED,SNOMED,Observation,619818
OBS_GEN,1280008001,1280008001,SNOMED,SNOMED,Measurement,37168457
OBS_GEN,1156489000,1156489000,SNOMED,SNOMED,Measurement,37160236
OBS_GEN,1269115006,1269115006,SNOMED,SNOMED,Observation,37167892
OBS_GEN,1149035002,1149035002,SNOMED,SNOMED,Observation,607058
OBS_GEN,1286752007,1286752007,SNOMED,SNOMED,Observation,37159097
OBS_GEN,1155893007,1155893007,SNOMED,SNOMED,Observation,607756
OBS_GEN,444384007,444384007,SNOMED,SNOMED,Measurement,40479359
OBS_GEN,1268932000,1268932000,SNOMED,SNOMED,Observation,37154531
OBS_GEN,911753491000004106,911753491000004106,SNOMED,SNOMED,Observation,619807
OBS_GEN,1149008006,1149008006,SNOMED,SNOMED,Observation,607035
OBS_GEN,1285517009,1285517009,SNOMED,SNOMED,Observation,37154671
OBS_GEN,1155867000,1155867000,SNOMED,SNOMED,Observation,607730
OBS_GEN,1255601000,1255601000,SNOMED,SNOMED,Observation,37154024
OBS_GEN,1286761007,1286761007,SNOMED,SNOMED,Observation,37154696
OBS_GEN,1157126006,1157126006,SNOMED,SNOMED,Observation,37156052
OBS_GEN,1269211009,1269211009,SNOMED,SNOMED,Measurement,37167951
OBS_GEN,1268927001,1268927001,SNOMED,SNOMED,Observation,37167751
OBS_GEN,1155986009,1155986009,SNOMED,SNOMED,Measurement,37160150
OBS_GEN,1264485007,1264485007,SNOMED,SNOMED,Measurement,37167456
OBS_GEN,1149003002,1149003002,SNOMED,SNOMED,Observation,607031
OBS_GEN,1268302004,1268302004,SNOMED,SNOMED,Observation,37154345
OBS_GEN,1287126003,1287126003,SNOMED,SNOMED,Measurement,1244320
OBS_GEN,1285389002,1285389002,SNOMED,SNOMED,Measurement,37168649
OBS_GEN,385373009,385373009,SNOMED,SNOMED,Observation,4295647
OBS_GEN,1260099005,1260099005,SNOMED,SNOMED,Observation,37166800
OBS_GEN,1255594007,1255594007,SNOMED,SNOMED,Observation,37158253
OBS_GEN,1268930008,1268930008,SNOMED,SNOMED,Observation,37154529
OBS_GEN,1155793003,1155793003,SNOMED,SNOMED,Observation,607676
OBS_GEN,1155939005,1155939005,SNOMED,SNOMED,Observation,607780
OBS_GEN,1290348000,1290348000,SNOMED,SNOMED,Observation,1243017
OBS_GEN,1268605007,1268605007,SNOMED,SNOMED,Measurement,37167619
OBS_GEN,371498006,371498006,SNOMED,SNOMED,Observation,4160349
OBS_GEN,1279920006,1279920006,SNOMED,SNOMED,Observation,37158870
OBS_GEN,1156425008,1156425008,SNOMED,SNOMED,Measurement,37160214
OBS_GEN,399663008,399663008,SNOMED,SNOMED,Measurement,4164026
OBS_GEN,1234804006,1234804006,SNOMED,SNOMED,Observation,37157765
OBS_GEN,1279709000,1279709000,SNOMED,SNOMED,Measurement,37168298
OBS_GEN,396786009,396786009,SNOMED,SNOMED,Observation,4287027
OBS_GEN,1155825009,1155825009,SNOMED,SNOMED,Observation,607704
OBS_GEN,1155868005,1155868005,SNOMED,SNOMED,Observation,607731
OBS_GEN,1287127007,1287127007,SNOMED,SNOMED,Measurement,1244321
OBS_GEN,1279902002,1279902002,SNOMED,SNOMED,Observation,37158865
OBS_GEN,1287172004,1287172004,SNOMED,SNOMED,Observation,1242421
OBS_GEN,1286861000,1286861000,SNOMED,SNOMED,Measurement,37168844
OBS_GEN,1156442002,1156442002,SNOMED,SNOMED,Measurement,37160228
OBS_GEN,1155780008,1155780008,SNOMED,SNOMED,Observation,607666
OBS_GEN,1287125004,1287125004,SNOMED,SNOMED,Observation,1242400
OBS_GEN,5730001000004102,5730001000004102,SNOMED,SNOMED,Observation,618631
OBS_GEN,1286765003,1286765003,SNOMED,SNOMED,Observation,37168815
OBS_GEN,1287084000,1287084000,SNOMED,SNOMED,Measurement,1244314
OBS_GEN,397440000,397440000,SNOMED,SNOMED,Observation,4265295
OBS_GEN,1155816003,1155816003,SNOMED,SNOMED,Observation,607695
OBS_GEN,1156491008,1156491008,SNOMED,SNOMED,Measurement,37160238
OBS_GEN,444511005,444511005,SNOMED,SNOMED,Measurement,40479814
OBS_GEN,1287157003,1287157003,SNOMED,SNOMED,Measurement,1244334
OBS_GEN,384695008,384695008,SNOMED,SNOMED,Measurement,4293739
OBS_GEN,443748007,443748007,SNOMED,SNOMED,Observation,40483207
OBS_GEN,1268933005,1268933005,SNOMED,SNOMED,Observation,37154532
OBS_GEN,1156427000,1156427000,SNOMED,SNOMED,Measurement,37160216
OBS_GEN,1155988005,1155988005,SNOMED,SNOMED,Measurement,37160152
OBS_GEN,1156479004,1156479004,SNOMED,SNOMED,Measurement,37160229
OBS_GEN,1285299009,1285299009,SNOMED,SNOMED,Measurement,37168631
OBS_GEN,396236002,396236002,SNOMED,SNOMED,Measurement,4218363
OBS_GEN,1279708008,1279708008,SNOMED,SNOMED,Measurement,37168297
OBS_GEN,1285551008,1285551008,SNOMED,SNOMED,Measurement,37168702
OBS_GEN,2890001000004108,2890001000004108,SNOMED,SNOMED,Observation,604547
OBS_GEN,1287139004,1287139004,SNOMED,SNOMED,Measurement,1244326
OBS_GEN,1279712002,1279712002,SNOMED,SNOMED,Observation,37154602
OBS_GEN,3100001000004109,3100001000004109,SNOMED,SNOMED,Observation,602284
OBS_GEN,384705006,384705006,SNOMED,SNOMED,Measurement,4293743
OBS_GEN,1155832000,1155832000,SNOMED,SNOMED,Observation,607711
OBS_GEN,1268439004,1268439004,SNOMED,SNOMED,Measurement,37167548
OBS_GEN,1155833005,1155833005,SNOMED,SNOMED,Observation,607712
OBS_GEN,798721000004104,798721000004104,SNOMED,SNOMED,Observation,602145
OBS_GEN,1287130000,1287130000,SNOMED,SNOMED,Measurement,1244324
OBS_GEN,1290306007,1290306007,SNOMED,SNOMED,Observation,1243005
OBS_GEN,1268577008,1268577008,SNOMED,SNOMED,Observation,37154432
OBS_GEN,4520001000004105,4520001000004105,SNOMED,SNOMED,Measurement,618469
OBS_GEN,1269169008,1269169008,SNOMED,SNOMED,Observation,37158743
OBS_GEN,1279928004,1279928004,SNOMED,SNOMED,Observation,37158871
OBS_GEN,1095791000004105,1095791000004105,SNOMED,SNOMED,Measurement,605505
OBS_GEN,1255589007,1255589007,SNOMED,SNOMED,Observation,37158247
OBS_GEN,1149043007,1149043007,SNOMED,SNOMED,Observation,602971
OBS_GEN,1156493006,1156493006,SNOMED,SNOMED,Measurement,37160240
OBS_GEN,1279531006,1279531006,SNOMED,SNOMED,Measurement,37168175
OBS_GEN,1290314001,1290314001,SNOMED,SNOMED,Observation,1243007
OBS_GEN,1269554003,1269554003,SNOMED,SNOMED,Observation,37154584
OBS_GEN,911753501000004102,911753501000004102,SNOMED,SNOMED,Observation,619808
OBS_GEN,1286857006,1286857006,SNOMED,SNOMED,Measurement,37168842
OBS_GEN,1178982008,1178982008,SNOMED,SNOMED,Observation,37152179
OBS_GEN,1287131001,1287131001,SNOMED,SNOMED,Observation,1242401
OBS_GEN,1148991003,1148991003,SNOMED,SNOMED,Observation,607026
OBS_GEN,1290317008,1290317008,SNOMED,SNOMED,Measurement,1244650
OBS_GEN,1149041009,1149041009,SNOMED,SNOMED,Observation,602969
OBS_GEN,1155803003,1155803003,SNOMED,SNOMED,Observation,607685
OBS_GEN,1155814000,1155814000,SNOMED,SNOMED,Observation,607693
OBS_GEN,1255590003,1255590003,SNOMED,SNOMED,Observation,37158248
OBS_GEN,1268560008,1268560008,SNOMED,SNOMED,Measurement,37167608
OBS_GEN,1279917003,1279917003,SNOMED,SNOMED,Observation,37158867
OBS_GEN,1284805008,1284805008,SNOMED,SNOMED,Measurement,37154754
OBS_GEN,3280001000004106,3280001000004106,SNOMED,SNOMED,Observation,609289
OBS_GEN,1280007006,1280007006,SNOMED,SNOMED,Measurement,37168456
OBS_GEN,1285478008,1285478008,SNOMED,SNOMED,Observation,37154661
OBS_GEN,1148995007,1148995007,SNOMED,SNOMED,Observation,602967
OBS_GEN,1268558006,1268558006,SNOMED,SNOMED,Observation,37167606
OBS_GEN,911753801000004100,911753801000004100,SNOMED,SNOMED,Observation,619827
OBS_GEN,399496002,399496002,SNOMED,SNOMED,Measurement,4164334
OBS_GEN,1279534003,1279534003,SNOMED,SNOMED,Measurement,37168178
OBS_GEN,1255600004,1255600004,SNOMED,SNOMED,Observation,37154023
OBS_GEN,1156438000,1156438000,SNOMED,SNOMED,Measurement,37160225
OBS_GEN,1149029002,1149029002,SNOMED,SNOMED,Observation,607053
OBS_GEN,1287176001,1287176001,SNOMED,SNOMED,Measurement,1244338
OBS_GEN,1240401000,1240401000,SNOMED,SNOMED,Measurement,37165143
OBS_GEN,1268576004,1268576004,SNOMED,SNOMED,Measurement,37167613
OBS_GEN,1286943005,1286943005,SNOMED,SNOMED,Observation,37159127
OBS_GEN,371480007,371480007,SNOMED,SNOMED,Observation,4160341
OBS_GEN,1156499005,1156499005,SNOMED,SNOMED,Measurement,37160245
OBS_GEN,1286764004,1286764004,SNOMED,SNOMED,Observation,37159106
OBS_GEN,1287028000,1287028000,SNOMED,SNOMED,Observation,1244300
OBS_GEN,911753521000004108,911753521000004108,SNOMED,SNOMED,Observation,619810
OBS_GEN,1157135004,1157135004,SNOMED,SNOMED,Observation,37151842
OBS_GEN,1155782000,1155782000,SNOMED,SNOMED,Observation,607668
OBS_GEN,1285454003,1285454003,SNOMED,SNOMED,Measurement,37168674
OBS_GEN,1287124000,1287124000,SNOMED,SNOMED,Observation,1242399
OBS_GEN,728641000004109,,SNOMED,,,0
OBS_GEN,2826841000004105,,SNOMED,,,0
OBS_GEN,1268450001,,SNOMED,,,0
OBS_GEN,1155979001,,SNOMED,,,0
OBS_GEN,1363356009,,SNOMED,,,0
OBS_GEN,1268451002,,SNOMED,,,0
OBS_GEN,1363323008,,SNOMED,,,0
OBS_GEN,1287030003,,SNOMED,,,0
OBS_GEN,727461000004105,,SNOMED,,,0
OBS_GEN,1363321005,,SNOMED,,,0
OBS_GEN,727221000004102,,SNOMED,,,0
OBS_GEN,1286794005,,SNOMED,,,0
OBS_GEN,1296936001,,SNOMED,,,0
OBS_GEN,1363322003,,SNOMED,,,0
OBS_GEN,1264490005,,SNOMED,,,0
OBS_GEN,1268516008,,SNOMED,,,0
